tile_id,parent_id,row,col,depth,side_m,status,xmin_m,ymin_m,xmax_m,ymax_m,south,west,north,east,scope_area_km2,scope_fraction,snapshot_utc,query_file,response_dir,last_error,last_error_kind,last_attempt_at,completed_at,download_attempts,empty_road_result
HN_R000_C010,,0,10,0,5000,done,575000,2270000,580000,2275000,20.526113,105.721268,20.571499,105.769453,0.10049671970003843,0.0040198687880015375,2026-10-01T00:00:00Z,queries/HN_R000_C010.ql,data/road_tiles/HN_R000_C010,,,2026-10-02T10:34:21.784065+00:00,2026-10-02T10:34:33.415405+00:00,1,False
HN_R000_C011,,0,11,0,5000,done,580000,2270000,585000,2275000,20.525894,105.769224,20.571293,105.817423,1.6605143894521297,0.06642057557808519,2026-10-01T00:00:00Z,queries/HN_R000_C011.ql,data/road_tiles/HN_R000_C011,,,2026-10-02T10:34:38.425047+00:00,2026-10-02T10:35:00.526061+00:00,1,False
HN_R001_C008,,1,8,0,5000,done,565000,2275000,570000,2280000,20.57169,105.625538,20.617051,105.673711,0.03482334061443806,0.0013929336245775224,2026-10-01T00:00:00Z,queries/HN_R001_C008.ql,data/road_tiles/HN_R001_C008,,,2026-10-02T10:35:50.632692+00:00,2026-10-02T10:36:01.905338+00:00,2,False
HN_R001_C009,,1,9,0,5000,done,570000,2275000,575000,2280000,20.571496,105.673509,20.61687,105.721696,3.671850885848429,0.14687403543393715,2026-10-01T00:00:00Z,queries/HN_R001_C009.ql,data/road_tiles/HN_R001_C009,,,2026-10-02T10:36:06.910459+00:00,2026-10-02T10:36:18.059931+00:00,1,False
HN_R001_C010,,1,10,0,5000,done,575000,2275000,580000,2280000,20.57129,105.72148,20.616676,105.76968,13.927356246904731,0.5570942498761893,2026-10-01T00:00:00Z,queries/HN_R001_C010.ql,data/road_tiles/HN_R001_C010,,,2026-10-02T10:36:23.063344+00:00,2026-10-02T10:36:34.558289+00:00,1,False
HN_R001_C011,,1,11,0,5000,done,580000,2275000,585000,2280000,20.57107,105.76945,20.616469,105.817664,17.622322581129552,0.7048929032451821,2026-10-01T00:00:00Z,queries/HN_R001_C011.ql,data/road_tiles/HN_R001_C011,,,2026-10-02T10:37:33.804452+00:00,2026-10-02T10:37:48.223044+00:00,2,False
HN_R002_C008,,2,8,0,5000,done,565000,2280000,570000,2285000,20.616867,105.625722,20.662228,105.67391,1.2791793117961288,0.05116717247184515,2026-10-01T00:00:00Z,queries/HN_R002_C008.ql,data/road_tiles/HN_R002_C008,,,2026-10-02T10:37:53.228247+00:00,2026-10-02T10:38:05.072618+00:00,1,False
HN_R002_C009,,2,9,0,5000,done,570000,2280000,575000,2285000,20.616673,105.673708,20.662047,105.721909,21.5740230277043,0.8629609211081719,2026-10-01T00:00:00Z,queries/HN_R002_C009.ql,data/road_tiles/HN_R002_C009,,,2026-10-02T10:38:59.648929+00:00,2026-10-02T10:39:11.295701+00:00,2,False
HN_R002_C010,,2,10,0,5000,done,575000,2280000,580000,2285000,20.616466,105.721693,20.661853,105.769907,25.0,1.0,2026-10-01T00:00:00Z,queries/HN_R002_C010.ql,data/road_tiles/HN_R002_C010,,,2026-10-02T10:39:58.818318+00:00,2026-10-02T10:40:10.193035+00:00,2,False
HN_R002_C011,,2,11,0,5000,done,580000,2280000,585000,2285000,20.616246,105.769677,20.661646,105.817906,23.9785367725296,0.9591414709011841,2026-10-01T00:00:00Z,queries/HN_R002_C011.ql,data/road_tiles/HN_R002_C011,,,2026-10-02T10:40:15.193354+00:00,2026-10-02T10:40:26.274136+00:00,1,False
HN_R002_C012,,2,12,0,5000,done,585000,2280000,590000,2285000,20.616012,105.817661,20.661425,105.865903,6.030267114685863,0.24121068458743453,2026-10-01T00:00:00Z,queries/HN_R002_C012.ql,data/road_tiles/HN_R002_C012,,,2026-10-02T10:41:21.354336+00:00,2026-10-02T10:41:30.811022+00:00,2,False
HN_R002_C013,,2,13,0,5000,done,590000,2280000,595000,2285000,20.615765,105.865644,20.66119,105.9139,5.479094759389162,0.2191637903755665,2026-10-01T00:00:00Z,queries/HN_R002_C013.ql,data/road_tiles/HN_R002_C013,,,2026-10-02T10:41:35.815969+00:00,2026-10-02T10:41:49.547701+00:00,1,False
HN_R002_C014,,2,14,0,5000,done,595000,2280000,600000,2285000,20.615505,105.913627,20.660943,105.961896,1.2743331904437543,0.05097332761775017,2026-10-01T00:00:00Z,queries/HN_R002_C014.ql,data/road_tiles/HN_R002_C014,,,2026-10-02T10:44:00.368651+00:00,2026-10-02T10:44:09.854821+00:00,3,False
HN_R003_C008,,3,8,0,5000,done,565000,2285000,570000,2290000,20.662044,105.625907,20.707406,105.674109,0.5122499207696914,0.020489996830787657,2026-10-01T00:00:00Z,queries/HN_R003_C008.ql,data/road_tiles/HN_R003_C008,,,2026-10-02T10:44:14.860060+00:00,2026-10-02T10:44:28.018594+00:00,1,False
HN_R003_C009,,3,9,0,5000,done,570000,2285000,575000,2290000,20.66185,105.673907,20.707224,105.722123,23.329374052354783,0.9331749620941913,2026-10-01T00:00:00Z,queries/HN_R003_C009.ql,data/road_tiles/HN_R003_C009,,,2026-10-02T10:44:33.023782+00:00,2026-10-02T10:44:42.282015+00:00,1,False
HN_R003_C010,,3,10,0,5000,done,575000,2285000,580000,2290000,20.661643,105.721906,20.70703,105.770135,25.0,1.0,2026-10-01T00:00:00Z,queries/HN_R003_C010.ql,data/road_tiles/HN_R003_C010,,,2026-10-02T10:46:24.220439+00:00,2026-10-02T10:46:39.672012+00:00,3,False
HN_R003_C011,,3,11,0,5000,done,580000,2285000,585000,2290000,20.661422,105.769904,20.706822,105.818148,25.0,1.0,2026-10-01T00:00:00Z,queries/HN_R003_C011.ql,data/road_tiles/HN_R003_C011,,,2026-10-02T10:48:45.825073+00:00,2026-10-02T10:49:00.997556+00:00,3,False
HN_R003_C012,,3,12,0,5000,done,585000,2285000,590000,2290000,20.661187,105.817903,20.7066,105.866159,24.774653249987185,0.9909861299994874,2026-10-01T00:00:00Z,queries/HN_R003_C012.ql,data/road_tiles/HN_R003_C012,,,2026-10-02T10:49:59.413001+00:00,2026-10-02T10:50:15.214926+00:00,2,False
HN_R003_C013,,3,13,0,5000,done,590000,2285000,595000,2290000,20.66094,105.8659,20.706365,105.91417,23.494361283111573,0.9397744513244629,2026-10-01T00:00:00Z,queries/HN_R003_C013.ql,data/road_tiles/HN_R003_C013,,,2026-10-02T10:50:30.219626+00:00,2026-10-02T10:50:40.942800+00:00,1,False
HN_R003_C014,,3,14,0,5000,done,595000,2285000,600000,2290000,20.660679,105.913897,20.706117,105.96218,18.567938712182283,0.7427175484872913,2026-10-01T00:00:00Z,queries/HN_R003_C014.ql,data/road_tiles/HN_R003_C014,,,2026-10-02T10:51:40.439807+00:00,2026-10-02T10:51:56.577367+00:00,2,False
HN_R003_C015,,3,15,0,5000,done,600000,2285000,605000,2290000,20.660405,105.961893,20.705856,106.01019,12.062994419835091,0.48251977679340363,2026-10-01T00:00:00Z,queries/HN_R003_C015.ql,data/road_tiles/HN_R003_C015,,,2026-10-02T10:52:59.995816+00:00,2026-10-02T10:53:27.186695+00:00,2,False
HN_R004_C008,,4,8,0,5000,done,565000,2290000,570000,2295000,20.707221,105.626092,20.752583,105.674309,6.0640900227971075,0.2425636009118843,2026-10-01T00:00:00Z,queries/HN_R004_C008.ql,data/road_tiles/HN_R004_C008,,,2026-10-02T10:53:42.192281+00:00,2026-10-02T10:53:52.388037+00:00,1,False
HN_R004_C009,,4,9,0,5000,done,570000,2290000,575000,2295000,20.707027,105.674106,20.752401,105.722337,25.0,1.0,2026-10-01T00:00:00Z,queries/HN_R004_C009.ql,data/road_tiles/HN_R004_C009,,,2026-10-02T10:54:55.447954+00:00,2026-10-02T10:55:10.520667+00:00,2,False
HN_R004_C010,,4,10,0,5000,done,575000,2290000,580000,2295000,20.706819,105.72212,20.752206,105.770364,25.0,1.0,2026-10-01T00:00:00Z,queries/HN_R004_C010.ql,data/road_tiles/HN_R004_C010,,,2026-10-02T16:57:06.488602+00:00,2026-10-02T16:57:23.095275+00:00,7,False
HN_R004_C011,,4,11,0,5000,done,580000,2290000,585000,2295000,20.706597,105.770132,20.751997,105.81839,25.0,1.0,2026-10-01T00:00:00Z,queries/HN_R004_C011.ql,data/road_tiles/HN_R004_C011,,,2026-10-02T10:59:37.143749+00:00,2026-10-02T10:59:50.948272+00:00,3,False
HN_R004_C012,,4,12,0,5000,done,585000,2290000,590000,2295000,20.706362,105.818145,20.751775,105.866416,25.0,1.0,2026-10-01T00:00:00Z,queries/HN_R004_C012.ql,data/road_tiles/HN_R004_C012,,,2026-10-02T11:00:05.958105+00:00,2026-10-02T11:00:24.677411+00:00,1,False
HN_R004_C013,,4,13,0,5000,done,590000,2290000,595000,2295000,20.706114,105.866156,20.75154,105.914441,25.0,1.0,2026-10-01T00:00:00Z,queries/HN_R004_C013.ql,data/road_tiles/HN_R004_C013,,,2026-10-02T11:16:08.706257+00:00,2026-10-02T11:16:24.356874+00:00,2,False
HN_R004_C014,,4,14,0,5000,done,595000,2290000,600000,2295000,20.705853,105.914167,20.751291,105.962466,25.0,1.0,2026-10-01T00:00:00Z,queries/HN_R004_C014.ql,data/road_tiles/HN_R004_C014,,,2026-10-02T11:16:39.367918+00:00,2026-10-02T11:16:49.453137+00:00,1,False
HN_R004_C015,,4,15,0,5000,done,600000,2290000,605000,2295000,20.705578,105.962177,20.751029,106.01049,2.528392682664633,0.10113570730658532,2026-10-01T00:00:00Z,queries/HN_R004_C015.ql,data/road_tiles/HN_R004_C015,,,2026-10-02T11:31:51.958889+00:00,2026-10-02T11:32:04.844149+00:00,1,False
HN_R005_C008,,5,8,0,5000,done,565000,2295000,570000,2300000,20.752398,105.626278,20.79776,105.67451,13.943719137086868,0.5577487654834747,2026-10-01T00:00:00Z,queries/HN_R005_C008.ql,data/road_tiles/HN_R005_C008,,,2026-10-02T11:49:57.689018+00:00,2026-10-02T11:50:10.915503+00:00,2,False
HN_R005_C009,,5,9,0,5000,done,570000,2295000,575000,2300000,20.752203,105.674306,20.797578,105.722552,25.0,1.0,2026-10-01T00:00:00Z,queries/HN_R005_C009.ql,data/road_tiles/HN_R005_C009,,,2026-10-02T11:50:25.918382+00:00,2026-10-02T11:50:38.838719+00:00,1,False
HN_R005_C010,,5,10,0,5000,done,575000,2295000,580000,2300000,20.751994,105.722334,20.797382,105.770593,25.0,1.0,2026-10-01T00:00:00Z,queries/HN_R005_C010.ql,data/road_tiles/HN_R005_C010,,,2026-10-02T11:52:48.732823+00:00,2026-10-02T11:53:00.396751+00:00,3,False
HN_R005_C011,,5,11,0,5000,done,580000,2295000,585000,2300000,20.751772,105.770361,20.797173,105.818634,25.0,1.0,2026-10-01T00:00:00Z,queries/HN_R005_C011.ql,data/road_tiles/HN_R005_C011,,,2026-10-02T11:53:15.400478+00:00,2026-10-02T11:53:28.083795+00:00,1,False
HN_R005_C012,,5,12,0,5000,done,585000,2295000,590000,2300000,20.751537,105.818387,20.79695,105.866674,25.0,1.0,2026-10-01T00:00:00Z,queries/HN_R005_C012.ql,data/road_tiles/HN_R005_C012,,,2026-10-02T11:55:43.188194+00:00,2026-10-02T11:55:56.352980+00:00,3,False
HN_R005_C013,,5,13,0,5000,done,590000,2295000,595000,2300000,20.751288,105.866413,20.796715,105.914713,25.0,1.0,2026-10-01T00:00:00Z,queries/HN_R005_C013.ql,data/road_tiles/HN_R005_C013,,,2026-10-02T11:56:11.353328+00:00,2026-10-02T11:56:23.763470+00:00,1,False
HN_R005_C014,,5,14,0,5000,done,595000,2295000,600000,2300000,20.751026,105.914438,20.796465,105.962752,19.01053973242569,0.7604215892970276,2026-10-01T00:00:00Z,queries/HN_R005_C014.ql,data/road_tiles/HN_R005_C014,,,2026-10-02T11:56:38.766146+00:00,2026-10-02T11:56:52.510908+00:00,1,False
HN_R005_C015,,5,15,0,5000,done,600000,2295000,605000,2300000,20.75075,105.962463,20.796202,106.01079,1.4916073839753867,0.05966429535901546,2026-10-01T00:00:00Z,queries/HN_R005_C015.ql,data/road_tiles/HN_R005_C015,,,2026-10-02T11:57:51.711114+00:00,2026-10-02T11:58:01.936343+00:00,2,False
HN_R006_C006,,6,6,0,5000,done,555000,2300000,560000,2305000,20.797925,105.530378,20.843261,105.578597,3.2118145568250416,0.12847258227300168,2026-10-01T00:00:00Z,queries/HN_R006_C006.ql,data/road_tiles/HN_R006_C006,,,2026-10-02T11:58:16.940459+00:00,2026-10-02T11:58:26.925780+00:00,1,False
HN_R006_C007,,6,7,0,5000,done,560000,2300000,565000,2305000,20.797757,105.578421,20.843105,105.626654,6.140106674602508,0.24560426698410034,2026-10-01T00:00:00Z,queries/HN_R006_C007.ql,data/road_tiles/HN_R006_C007,,,2026-10-02T11:59:24.001654+00:00,2026-10-02T11:59:40.074147+00:00,2,False
HN_R006_C008,,6,8,0,5000,done,565000,2300000,570000,2305000,20.797575,105.626464,20.842936,105.674711,21.262297179142596,0.8504918871657038,2026-10-01T00:00:00Z,queries/HN_R006_C008.ql,data/road_tiles/HN_R006_C008,,,2026-10-02T11:59:55.079125+00:00,2026-10-02T12:00:09.216316+00:00,1,False
HN_R006_C009,,6,9,0,5000,done,570000,2300000,575000,2305000,20.797379,105.674507,20.842754,105.722767,25.0,1.0,2026-10-01T00:00:00Z,queries/HN_R006_C009.ql,data/road_tiles/HN_R006_C009,,,2026-10-02T15:18:01.803520+00:00,2026-10-02T15:18:15.426251+00:00,5,False
HN_R006_C010,,6,10,0,5000,done,575000,2300000,580000,2305000,20.79717,105.722549,20.842558,105.770823,25.0,1.0,2026-10-01T00:00:00Z,queries/HN_R006_C010.ql,data/road_tiles/HN_R006_C010,,,2026-10-02T12:02:56.364715+00:00,2026-10-02T12:03:08.569459+00:00,1,False
HN_R006_C011,,6,11,0,5000,done,580000,2300000,585000,2305000,20.796947,105.77059,20.842348,105.818878,25.0,1.0,2026-10-01T00:00:00Z,queries/HN_R006_C011.ql,data/road_tiles/HN_R006_C011,,,2026-10-02T12:03:23.574862+00:00,2026-10-02T12:03:37.601148+00:00,1,False
HN_R006_C012,,6,12,0,5000,done,585000,2300000,590000,2305000,20.796712,105.818631,20.842125,105.866932,25.0,1.0,2026-10-01T00:00:00Z,queries/HN_R006_C012.ql,data/road_tiles/HN_R006_C012,,,2026-10-02T16:59:30.511381+00:00,2026-10-02T16:59:40.071643+00:00,9,False
HN_R006_C013,,6,13,0,5000,done,590000,2300000,595000,2305000,20.796462,105.866671,20.841889,105.914986,24.028388726690352,0.9611355490676141,2026-10-01T00:00:00Z,queries/HN_R006_C013.ql,data/road_tiles/HN_R006_C013,,,2026-10-02T12:06:14.325332+00:00,2026-10-02T12:06:45.921013+00:00,1,False
HN_R006_C014,,6,14,0,5000,done,595000,2300000,600000,2305000,20.796199,105.91471,20.841639,105.963039,0.34377905996952207,0.013751162398780882,2026-10-01T00:00:00Z,queries/HN_R006_C014.ql,data/road_tiles/HN_R006_C014,,,2026-10-02T15:21:34.262006+00:00,2026-10-02T15:21:47.170820+00:00,5,False
HN_R007_C006,,7,6,0,5000,done,555000,2305000,560000,2310000,20.843102,105.530536,20.888438,105.57877,4.282000471366882,0.17128001885467528,2026-10-01T00:00:00Z,queries/HN_R007_C006.ql,data/road_tiles/HN_R007_C006,,,2026-10-02T12:09:22.003048+00:00,2026-10-02T12:09:47.816540+00:00,1,False
HN_R007_C007,,7,7,0,5000,done,560000,2305000,565000,2310000,20.842933,105.578594,20.888282,105.626841,23.641010711383075,0.945640428455323,2026-10-01T00:00:00Z,queries/HN_R007_C007.ql,data/road_tiles/HN_R007_C007,,,2026-10-02T12:10:42.476396+00:00,2026-10-02T12:10:53.011834+00:00,2,False
HN_R007_C008,,7,8,0,5000,done,565000,2305000,570000,2310000,20.842751,105.626651,20.888113,105.674912,25.0,1.0,2026-10-01T00:00:00Z,queries/HN_R007_C008.ql,data/road_tiles/HN_R007_C008,,,2026-10-02T12:11:50.485023+00:00,2026-10-02T12:11:59.857357+00:00,2,False
HN_R007_C009,,7,9,0,5000,done,570000,2305000,575000,2310000,20.842555,105.674708,20.88793,105.722983,25.0,1.0,2026-10-01T00:00:00Z,queries/HN_R007_C009.ql,data/road_tiles/HN_R007_C009,,,2026-10-02T12:12:14.867195+00:00,2026-10-02T12:12:30.357663+00:00,1,False
HN_R007_C010,,7,10,0,5000,done,575000,2305000,580000,2310000,20.842345,105.722764,20.887733,105.771053,25.0,1.0,2026-10-01T00:00:00Z,queries/HN_R007_C010.ql,data/road_tiles/HN_R007_C010,,,2026-10-02T12:13:30.149657+00:00,2026-10-02T12:13:47.486280+00:00,2,False
HN_R007_C011,,7,11,0,5000,done,580000,2305000,585000,2310000,20.842122,105.77082,20.887523,105.819123,25.0,1.0,2026-10-01T00:00:00Z,queries/HN_R007_C011.ql,data/road_tiles/HN_R007_C011,,,2026-10-02T12:14:02.495716+00:00,2026-10-02T12:14:14.440395+00:00,1,False
HN_R007_C012,,7,12,0,5000,done,585000,2305000,590000,2310000,20.841886,105.818875,20.8873,105.867191,25.0,1.0,2026-10-01T00:00:00Z,queries/HN_R007_C012.ql,data/road_tiles/HN_R007_C012,,,2026-10-02T12:29:57.970033+00:00,2026-10-02T12:30:16.404866+00:00,2,False
HN_R007_C013,,7,13,0,5000,done,590000,2305000,595000,2310000,20.841636,105.866929,20.887063,105.91526,24.89437833445883,0.9957751333783531,2026-10-01T00:00:00Z,queries/HN_R007_C013.ql,data/road_tiles/HN_R007_C013,,,2026-10-02T12:32:05.693796+00:00,2026-10-02T12:32:20.415337+00:00,1,False
HN_R007_C014,,7,14,0,5000,done,595000,2305000,600000,2310000,20.841372,105.914983,20.886812,105.963327,7.017861111733645,0.2807144444693458,2026-10-01T00:00:00Z,queries/HN_R007_C014.ql,data/road_tiles/HN_R007_C014,,,2026-10-02T12:33:15.680067+00:00,2026-10-02T12:33:27.409537+00:00,2,False
HN_R008_C005,,8,5,0,5000,done,550000,2310000,555000,2315000,20.888435,105.482622,20.933758,105.530856,3.749354296524048,0.1499741718609619,2026-10-01T00:00:00Z,queries/HN_R008_C005.ql,data/road_tiles/HN_R008_C005,,,2026-10-02T12:33:42.415985+00:00,2026-10-02T12:34:03.200336+00:00,1,False
HN_R008_C006,,8,6,0,5000,done,555000,2310000,560000,2315000,20.888279,105.530694,20.933615,105.578943,9.360407847151437,0.3744163138860575,2026-10-01T00:00:00Z,queries/HN_R008_C006.ql,data/road_tiles/HN_R008_C006,,,2026-10-02T12:34:58.995040+00:00,2026-10-02T12:35:11.348184+00:00,2,False
HN_R008_C007,,8,7,0,5000,done,560000,2310000,565000,2315000,20.88811,105.578767,20.933459,105.627029,24.78373553102258,0.9913494212409031,2026-10-01T00:00:00Z,queries/HN_R008_C007.ql,data/road_tiles/HN_R008_C007,,,2026-10-02T12:35:26.353909+00:00,2026-10-02T12:35:41.591562+00:00,1,False
HN_R008_C008,,8,8,0,5000,done,565000,2310000,570000,2315000,20.887927,105.626838,20.933289,105.675115,25.0,1.0,2026-10-01T00:00:00Z,queries/HN_R008_C008.ql,data/road_tiles/HN_R008_C008,,,2026-10-02T12:37:50.716598+00:00,2026-10-02T12:38:04.660502+00:00,3,False
HN_R008_C009,,8,9,0,5000,done,570000,2310000,575000,2315000,20.88773,105.674909,20.933106,105.7232,25.0,1.0,2026-10-01T00:00:00Z,queries/HN_R008_C009.ql,data/road_tiles/HN_R008_C009,,,2026-10-02T12:39:02.976153+00:00,2026-10-02T12:39:12.922507+00:00,2,False
HN_R008_C010,,8,10,0,5000,done,575000,2310000,580000,2315000,20.88752,105.72298,20.932909,105.771284,25.0,1.0,2026-10-01T00:00:00Z,queries/HN_R008_C010.ql,data/road_tiles/HN_R008_C010,,,2026-10-02T12:39:27.928517+00:00,2026-10-02T12:39:39.556457+00:00,1,False
HN_R008_C011,,8,11,0,5000,done,580000,2310000,585000,2315000,20.887297,105.77105,20.932698,105.819368,25.0,1.0,2026-10-01T00:00:00Z,queries/HN_R008_C011.ql,data/road_tiles/HN_R008_C011,,,2026-10-02T12:40:37.651081+00:00,2026-10-02T12:41:00.613150+00:00,2,False
HN_R008_C012,,8,12,0,5000,done,585000,2310000,590000,2315000,20.88706,105.81912,20.932474,105.867451,25.0,1.0,2026-10-01T00:00:00Z,queries/HN_R008_C012.ql,data/road_tiles/HN_R008_C012,,,2026-10-02T12:43:09.821677+00:00,2026-10-02T12:43:20.214222+00:00,3,False
HN_R008_C013,,8,13,0,5000,done,590000,2310000,595000,2315000,20.886809,105.867188,20.932236,105.915534,19.606289479299544,0.7842515791719818,2026-10-01T00:00:00Z,queries/HN_R008_C013.ql,data/road_tiles/HN_R008_C013,,,2026-10-02T12:44:13.662742+00:00,2026-10-02T12:44:26.413853+00:00,2,False
HN_R009_C003,,9,3,0,5000,done,540000,2315000,545000,2320000,20.933884,105.386591,20.979181,105.434813,0.3784387525568008,0.015137550102272034,2026-10-01T00:00:00Z,queries/HN_R009_C003.ql,data/road_tiles/HN_R009_C003,,,2026-10-02T12:46:38.524469+00:00,2026-10-02T12:46:55.371251+00:00,3,False
HN_R009_C004,,9,4,0,5000,done,545000,2315000,550000,2320000,20.933755,105.434679,20.979065,105.482914,14.461954526995301,0.5784781810798121,2026-10-01T00:00:00Z,queries/HN_R009_C004.ql,data/road_tiles/HN_R009_C004,,,2026-10-02T12:47:10.377126+00:00,2026-10-02T12:47:19.515370+00:00,1,False
HN_R009_C005,,9,5,0,5000,done,550000,2315000,555000,2320000,20.933612,105.482766,20.978935,105.531016,24.49042390337205,0.979616956134882,2026-10-01T00:00:00Z,queries/HN_R009_C005.ql,data/road_tiles/HN_R009_C005,,,2026-10-02T12:48:18.833841+00:00,2026-10-02T12:48:30.500335+00:00,2,False
HN_R009_C006,,9,6,0,5000,done,555000,2315000,560000,2320000,20.933456,105.530853,20.978792,105.579117,25.0,1.0,2026-10-01T00:00:00Z,queries/HN_R009_C006.ql,data/road_tiles/HN_R009_C006,,,2026-10-02T12:49:27.281721+00:00,2026-10-02T12:49:38.723398+00:00,2,False
HN_R009_C007,,9,7,0,5000,done,560000,2315000,565000,2320000,20.933286,105.57894,20.978635,105.627217,25.0,1.0,2026-10-01T00:00:00Z,queries/HN_R009_C007.ql,data/road_tiles/HN_R009_C007,,,2026-10-02T12:51:47.624796+00:00,2026-10-02T12:51:59.014687+00:00,3,False
HN_R009_C008,,9,8,0,5000,done,565000,2315000,570000,2320000,20.933103,105.627026,20.978465,105.675317,25.0,1.0,2026-10-01T00:00:00Z,queries/HN_R009_C008.ql,data/road_tiles/HN_R009_C008,,,2026-10-02T15:22:02.175945+00:00,2026-10-02T15:22:14.605663+00:00,4,False
HN_R009_C009,,9,9,0,5000,done,570000,2315000,575000,2320000,20.932906,105.675112,20.978281,105.723417,25.0,1.0,2026-10-01T00:00:00Z,queries/HN_R009_C009.ql,data/road_tiles/HN_R009_C009,,,2026-10-02T12:55:21.205083+00:00,2026-10-02T12:55:35.003350+00:00,2,False
HN_R009_C010,,9,10,0,5000,done,575000,2315000,580000,2320000,20.932695,105.723197,20.978084,105.771516,25.0,1.0,2026-10-01T00:00:00Z,queries/HN_R009_C010.ql,data/road_tiles/HN_R009_C010,,,2026-10-02T12:55:50.008797+00:00,2026-10-02T12:56:03.519409+00:00,1,False
HN_R009_C011,,9,11,0,5000,done,580000,2315000,585000,2320000,20.932471,105.771281,20.977873,105.819614,25.0,1.0,2026-10-01T00:00:00Z,queries/HN_R009_C011.ql,data/road_tiles/HN_R009_C011,,,2026-10-02T12:58:11.462103+00:00,2026-10-02T12:58:23.473722+00:00,3,False
HN_R009_C012,,9,12,0,5000,done,585000,2315000,590000,2320000,20.932233,105.819365,20.977648,105.867712,25.0,1.0,2026-10-01T00:00:00Z,queries/HN_R009_C012.ql,data/road_tiles/HN_R009_C012,,,2026-10-02T12:58:38.483732+00:00,2026-10-02T12:58:52.901261+00:00,1,False
HN_R009_C013,,9,13,0,5000,done,590000,2315000,595000,2320000,20.931982,105.867448,20.97741,105.915809,21.90269607087803,0.8761078428351211,2026-10-01T00:00:00Z,queries/HN_R009_C013.ql,data/road_tiles/HN_R009_C013,,,2026-10-02T12:59:51.428916+00:00,2026-10-02T13:00:03.412973+00:00,2,False
HN_R009_C014,,9,14,0,5000,done,595000,2315000,600000,2320000,20.931718,105.915531,20.977158,105.963905,3.7844527233286835,0.15137810893314735,2026-10-01T00:00:00Z,queries/HN_R009_C014.ql,data/road_tiles/HN_R009_C014,,,2026-10-02T13:00:18.413558+00:00,2026-10-02T13:00:40.378870+00:00,1,False
HN_R009_C015,,9,15,0,5000,done,600000,2315000,605000,2320000,20.931439,105.963612,20.976893,106.012,0.08906806198632718,0.003562722479453087,2026-10-01T00:00:00Z,queries/HN_R009_C015.ql,data/road_tiles/HN_R009_C015,,,2026-10-02T17:00:37.078573+00:00,2026-10-02T17:00:56.480707+00:00,8,False
HN_R010_C001,,10,1,0,5000,done,530000,2320000,535000,2325000,20.97928,105.290502,21.02455,105.33871,3.3076134751644135,0.13230453900657654,2026-10-01T00:00:00Z,queries/HN_R010_C001.ql,data/road_tiles/HN_R010_C001,,,2026-10-02T13:03:53.146513+00:00,2026-10-02T13:04:05.149947+00:00,2,False
HN_R010_C002,,10,2,0,5000,done,535000,2320000,540000,2325000,20.979178,105.338605,21.024461,105.386827,6.028482307701528,0.2411392923080611,2026-10-01T00:00:00Z,queries/HN_R010_C002.ql,data/road_tiles/HN_R010_C002,,,2026-10-02T13:04:20.155246+00:00,2026-10-02T13:04:35.501762+00:00,1,False
HN_R010_C003,,10,3,0,5000,done,540000,2320000,545000,2325000,20.979062,105.386707,21.024358,105.434943,15.843248794789046,0.6337299517915619,2026-10-01T00:00:00Z,queries/HN_R010_C003.ql,data/road_tiles/HN_R010_C003,,,2026-10-02T15:24:53.280475+00:00,2026-10-02T15:25:05.392848+00:00,4,False
HN_R010_C004,,10,4,0,5000,done,545000,2320000,550000,2325000,20.978932,105.43481,21.024242,105.48306,25.0,1.0,2026-10-01T00:00:00Z,queries/HN_R010_C004.ql,data/road_tiles/HN_R010_C004,,,2026-10-02T13:07:10.262068+00:00,2026-10-02T13:07:23.300628+00:00,1,False
HN_R010_C005,,10,5,0,5000,done,550000,2320000,555000,2325000,20.978789,105.482911,21.024112,105.531176,25.0,1.0,2026-10-01T00:00:00Z,queries/HN_R010_C005.ql,data/road_tiles/HN_R010_C005,,,2026-10-02T13:09:37.837967+00:00,2026-10-02T13:09:49.552975+00:00,3,False
HN_R010_C006,,10,6,0,5000,done,555000,2320000,560000,2325000,20.978632,105.531013,21.023968,105.579291,25.0,1.0,2026-10-01T00:00:00Z,queries/HN_R010_C006.ql,data/road_tiles/HN_R010_C006,,,2026-10-02T13:10:04.557540+00:00,2026-10-02T13:10:19.615741+00:00,1,False
HN_R010_C007,,10,7,0,5000,done,560000,2320000,565000,2325000,20.978462,105.579114,21.023811,105.627406,25.0,1.0,2026-10-01T00:00:00Z,queries/HN_R010_C007.ql,data/road_tiles/HN_R010_C007,,,2026-10-02T13:12:34.991132+00:00,2026-10-02T13:12:46.584058+00:00,3,False
HN_R010_C008,,10,8,0,5000,done,565000,2320000,570000,2325000,20.978278,105.627214,21.023641,105.675521,25.0,1.0,2026-10-01T00:00:00Z,queries/HN_R010_C008.ql,data/road_tiles/HN_R010_C008,,,2026-10-02T13:13:45.320188+00:00,2026-10-02T13:13:58.259577+00:00,2,False
HN_R010_C009,,10,9,0,5000,done,570000,2320000,575000,2325000,20.978081,105.675314,21.023456,105.723635,25.0,1.0,2026-10-01T00:00:00Z,queries/HN_R010_C009.ql,data/road_tiles/HN_R010_C009,,,2026-10-02T13:14:13.269369+00:00,2026-10-02T13:14:28.314804+00:00,1,False
HN_R010_C010,,10,10,0,5000,done,575000,2320000,580000,2325000,20.97787,105.723414,21.023258,105.771748,25.0,1.0,2026-10-01T00:00:00Z,queries/HN_R010_C010.ql,data/road_tiles/HN_R010_C010,,,2026-10-02T13:14:43.324247+00:00,2026-10-02T13:15:02.193982+00:00,1,False
HN_R010_C011,,10,11,0,5000,done,580000,2320000,585000,2325000,20.977645,105.771513,21.023047,105.819861,25.0,1.0,2026-10-01T00:00:00Z,queries/HN_R010_C011.ql,data/road_tiles/HN_R010_C011,,,2026-10-02T17:18:03.407914+00:00,2026-10-02T17:18:22.316025+00:00,10,False
HN_R010_C012,,10,12,0,5000,done,585000,2320000,590000,2325000,20.977407,105.819611,21.022822,105.867973,25.0,1.0,2026-10-01T00:00:00Z,queries/HN_R010_C012.ql,data/road_tiles/HN_R010_C012,,,2026-10-02T13:17:42.348587+00:00,2026-10-02T13:17:58.470177+00:00,1,False
HN_R010_C013,,10,13,0,5000,done,590000,2320000,595000,2325000,20.977155,105.867709,21.022583,105.916084,25.0,1.0,2026-10-01T00:00:00Z,queries/HN_R010_C013.ql,data/road_tiles/HN_R010_C013,,,2026-10-02T13:18:13.477955+00:00,2026-10-02T13:18:28.828002+00:00,1,False
HN_R010_C014,,10,14,0,5000,done,595000,2320000,600000,2325000,20.97689,105.915806,21.022331,105.964195,24.803106904371262,0.9921242761748504,2026-10-01T00:00:00Z,queries/HN_R010_C014.ql,data/road_tiles/HN_R010_C014,,,2026-10-02T13:19:23.511293+00:00,2026-10-02T13:19:41.827664+00:00,2,False
HN_R010_C015,,10,15,0,5000,done,600000,2320000,605000,2325000,20.976611,105.963902,21.022065,106.012305,11.444597577288725,0.457783903091549,2026-10-01T00:00:00Z,queries/HN_R010_C015.ql,data/road_tiles/HN_R010_C015,,,2026-10-02T13:19:56.835948+00:00,2026-10-02T13:20:09.357501+00:00,1,False
HN_R011_C001,,11,1,0,5000,done,530000,2325000,535000,2330000,21.024458,105.29059,21.069727,105.338812,21.466837253341676,0.858673490133667,2026-10-01T00:00:00Z,queries/HN_R011_C001.ql,data/road_tiles/HN_R011_C001,,,2026-10-02T15:27:44.448585+00:00,2026-10-02T15:27:58.281852+00:00,4,False
HN_R011_C002,,11,2,0,5000,done,535000,2325000,540000,2330000,21.024355,105.338707,21.069638,105.386944,25.0,1.0,2026-10-01T00:00:00Z,queries/HN_R011_C002.ql,data/road_tiles/HN_R011_C002,,,2026-10-02T13:23:24.911998+00:00,2026-10-02T13:23:38.425334+00:00,2,False
HN_R011_C003,,11,3,0,5000,done,540000,2325000,545000,2330000,21.024239,105.386824,21.069535,105.435075,24.999980167938382,0.9999992067175353,2026-10-01T00:00:00Z,queries/HN_R011_C003.ql,data/road_tiles/HN_R011_C003,,,2026-10-02T13:24:31.647039+00:00,2026-10-02T13:24:56.487751+00:00,2,False
HN_R011_C004,,11,4,0,5000,done,545000,2325000,550000,2330000,21.024109,105.43494,21.069419,105.483205,25.0,1.0,2026-10-01T00:00:00Z,queries/HN_R011_C004.ql,data/road_tiles/HN_R011_C004,,,2026-10-02T13:25:11.497530+00:00,2026-10-02T13:25:20.136405+00:00,1,False
HN_R011_C005,,11,5,0,5000,done,550000,2325000,555000,2330000,21.023965,105.483057,21.069288,105.531336,25.0,1.0,2026-10-01T00:00:00Z,queries/HN_R011_C005.ql,data/road_tiles/HN_R011_C005,,,2026-10-02T13:26:20.331587+00:00,2026-10-02T13:26:30.794964+00:00,2,False
HN_R011_C006,,11,6,0,5000,done,555000,2325000,560000,2330000,21.023808,105.531173,21.069145,105.579466,25.0,1.0,2026-10-01T00:00:00Z,queries/HN_R011_C006.ql,data/road_tiles/HN_R011_C006,,,2026-10-02T13:28:45.114159+00:00,2026-10-02T13:29:02.265894+00:00,3,False
HN_R011_C007,,11,7,0,5000,done,560000,2325000,565000,2330000,21.023638,105.579288,21.068987,105.627595,25.0,1.0,2026-10-01T00:00:00Z,queries/HN_R011_C007.ql,data/road_tiles/HN_R011_C007,,,2026-10-02T13:31:15.501226+00:00,2026-10-02T13:31:27.054051+00:00,3,False
HN_R011_C008,,11,8,0,5000,done,565000,2325000,570000,2330000,21.023453,105.627403,21.068816,105.675724,25.0,1.0,2026-10-01T00:00:00Z,queries/HN_R011_C008.ql,data/road_tiles/HN_R011_C008,,,2026-10-02T13:32:25.908288+00:00,2026-10-02T13:32:40.169793+00:00,2,False
HN_R011_C009,,11,9,0,5000,done,570000,2325000,575000,2330000,21.023255,105.675518,21.068631,105.723853,25.0,1.0,2026-10-01T00:00:00Z,queries/HN_R011_C009.ql,data/road_tiles/HN_R011_C009,,,2026-10-02T13:33:35.261955+00:00,2026-10-02T13:33:46.443189+00:00,2,False
HN_R011_C010,,11,10,0,5000,done,575000,2325000,580000,2330000,21.023044,105.723632,21.068433,105.771981,25.0,1.0,2026-10-01T00:00:00Z,queries/HN_R011_C010.ql,data/road_tiles/HN_R011_C010,,,2026-10-02T13:34:01.453104+00:00,2026-10-02T13:34:14.928044+00:00,1,False
HN_R011_C011,,11,11,0,5000,done,580000,2325000,585000,2330000,21.022819,105.771745,21.068221,105.820108,25.0,1.0,2026-10-01T00:00:00Z,queries/HN_R011_C011.ql,data/road_tiles/HN_R011_C011,,,2026-10-02T13:35:14.333061+00:00,2026-10-02T13:35:26.581303+00:00,2,False
HN_R011_C012,,11,12,0,5000,done,585000,2325000,590000,2330000,21.02258,105.819858,21.067995,105.868235,25.0,1.0,2026-10-01T00:00:00Z,queries/HN_R011_C012.ql,data/road_tiles/HN_R011_C012,,,2026-10-02T15:28:13.283529+00:00,2026-10-02T15:28:41.395553+00:00,4,False
HN_R011_C013,,11,13,0,5000,done,590000,2325000,595000,2330000,21.022328,105.86797,21.067756,105.916361,25.0,1.0,2026-10-01T00:00:00Z,queries/HN_R011_C013.ql,data/road_tiles/HN_R011_C013,,,2026-10-02T13:38:39.529549+00:00,2026-10-02T13:38:57.335154+00:00,2,False
HN_R011_C014,,11,14,0,5000,done,595000,2325000,600000,2330000,21.022062,105.916081,21.067503,105.964486,25.0,1.0,2026-10-01T00:00:00Z,queries/HN_R011_C014.ql,data/road_tiles/HN_R011_C014,,,2026-10-02T13:39:12.345560+00:00,2026-10-02T13:39:26.005814+00:00,1,False
HN_R011_C015,,11,15,0,5000,done,600000,2325000,605000,2330000,21.021782,105.964192,21.067237,106.01261,23.927601867084505,0.9571040746833801,2026-10-01T00:00:00Z,queries/HN_R011_C015.ql,data/road_tiles/HN_R011_C015,,,2026-10-02T13:40:23.927293+00:00,2026-10-02T13:40:34.515799+00:00,2,False
HN_R011_C016,,11,16,0,5000,done,605000,2325000,610000,2330000,21.021489,106.012302,21.066956,106.060734,1.3704969751517773,0.05481987900607109,2026-10-01T00:00:00Z,queries/HN_R011_C016.ql,data/road_tiles/HN_R011_C016,,,2026-10-02T13:40:49.525452+00:00,2026-10-02T13:41:03.493318+00:00,1,False
HN_R012_C001,,12,1,0,5000,done,530000,2330000,535000,2335000,21.069635,105.290677,21.114905,105.338915,13.01609636473894,0.5206438545895576,2026-10-01T00:00:00Z,queries/HN_R012_C001.ql,data/road_tiles/HN_R012_C001,,,2026-10-02T13:41:57.788958+00:00,2026-10-02T13:42:07.327506+00:00,2,False
HN_R012_C002,,12,2,0,5000,done,535000,2330000,540000,2335000,21.069532,105.338809,21.114815,105.387061,25.0,1.0,2026-10-01T00:00:00Z,queries/HN_R012_C002.ql,data/road_tiles/HN_R012_C002,,,2026-10-02T13:42:22.332454+00:00,2026-10-02T13:42:42.022287+00:00,1,False
HN_R012_C003,,12,3,0,5000,done,540000,2330000,545000,2335000,21.069416,105.386941,21.114712,105.435206,25.0,1.0,2026-10-01T00:00:00Z,queries/HN_R012_C003.ql,data/road_tiles/HN_R012_C003,,,2026-10-02T13:42:57.027388+00:00,2026-10-02T13:43:21.249473+00:00,1,False
HN_R012_C004,,12,4,0,5000,done,545000,2330000,550000,2335000,21.069285,105.435072,21.114595,105.483352,25.0,1.0,2026-10-01T00:00:00Z,queries/HN_R012_C004.ql,data/road_tiles/HN_R012_C004,,,2026-10-02T13:45:30.644975+00:00,2026-10-02T13:45:43.268409+00:00,3,False
HN_R012_C005,,12,5,0,5000,done,550000,2330000,555000,2335000,21.069142,105.483202,21.114465,105.531497,25.0,1.0,2026-10-01T00:00:00Z,queries/HN_R012_C005.ql,data/road_tiles/HN_R012_C005,,,2026-10-02T13:46:40.648311+00:00,2026-10-02T13:46:51.769361+00:00,2,False
HN_R012_C006,,12,6,0,5000,done,555000,2330000,560000,2335000,21.068984,105.531333,21.114321,105.579641,25.0,1.0,2026-10-01T00:00:00Z,queries/HN_R012_C006.ql,data/road_tiles/HN_R012_C006,,,2026-10-02T15:30:46.822775+00:00,2026-10-02T15:30:59.129777+00:00,6,False
HN_R012_C007,,12,7,0,5000,done,560000,2330000,565000,2335000,21.068813,105.579463,21.114163,105.627785,25.0,1.0,2026-10-01T00:00:00Z,queries/HN_R012_C007.ql,data/road_tiles/HN_R012_C007,,,2026-10-02T13:49:27.282626+00:00,2026-10-02T13:49:37.368237+00:00,1,False
HN_R012_C008,,12,8,0,5000,done,565000,2330000,570000,2335000,21.068628,105.627592,21.113991,105.675929,25.0,1.0,2026-10-01T00:00:00Z,queries/HN_R012_C008.ql,data/road_tiles/HN_R012_C008,,,2026-10-02T13:50:34.874840+00:00,2026-10-02T13:50:47.783540+00:00,2,False
HN_R012_C009,,12,9,0,5000,done,570000,2330000,575000,2335000,21.06843,105.675721,21.113806,105.724072,25.0,1.0,2026-10-01T00:00:00Z,queries/HN_R012_C009.ql,data/road_tiles/HN_R012_C009,,,2026-10-02T13:51:02.786090+00:00,2026-10-02T13:51:15.725152+00:00,1,False
HN_R012_C010,,12,10,0,5000,done,575000,2330000,580000,2335000,21.068218,105.72385,21.113607,105.772214,25.0,1.0,2026-10-01T00:00:00Z,queries/HN_R012_C010.ql,data/road_tiles/HN_R012_C010,,,2026-10-02T13:53:23.960342+00:00,2026-10-02T13:53:36.462296+00:00,3,False
HN_R012_C011,,12,11,0,5000,done,580000,2330000,585000,2335000,21.067992,105.771978,21.113395,105.820356,25.0,1.0,2026-10-01T00:00:00Z,queries/HN_R012_C011.ql,data/road_tiles/HN_R012_C011,,,2026-10-02T15:31:57.398085+00:00,2026-10-02T15:32:14.190772+00:00,5,False
HN_R012_C012,,12,12,0,5000,done,585000,2330000,590000,2335000,21.067753,105.820105,21.113169,105.868497,25.0,1.0,2026-10-01T00:00:00Z,queries/HN_R012_C012.ql,data/road_tiles/HN_R012_C012,,,2026-10-02T13:56:01.232990+00:00,2026-10-02T13:56:20.881064+00:00,1,False
HN_R012_C013,,12,13,0,5000,done,590000,2330000,595000,2335000,21.0675,105.868232,21.112929,105.916638,25.0,1.0,2026-10-01T00:00:00Z,queries/HN_R012_C013.ql,data/road_tiles/HN_R012_C013,,,2026-10-02T13:58:27.131430+00:00,2026-10-02T13:58:42.349119+00:00,3,False
HN_R012_C014,,12,14,0,5000,done,595000,2330000,600000,2335000,21.067234,105.916358,21.112675,105.964777,16.08783985965693,0.6435135943862772,2026-10-01T00:00:00Z,queries/HN_R012_C014.ql,data/road_tiles/HN_R012_C014,,,2026-10-02T13:58:57.352917+00:00,2026-10-02T13:59:09.061823+00:00,1,False
HN_R012_C015,,12,15,0,5000,done,600000,2330000,605000,2335000,21.066953,105.964483,21.112408,106.012916,1.7169467869920731,0.06867787147968292,2026-10-01T00:00:00Z,queries/HN_R012_C015.ql,data/road_tiles/HN_R012_C015,,,2026-10-02T13:59:24.066051+00:00,2026-10-02T13:59:36.511887+00:00,1,False
HN_R013_C000,,13,0,0,5000,done,525000,2335000,530000,2340000,21.114902,105.242619,21.160158,105.290856,0.08566802263465524,0.0034267209053862094,2026-10-01T00:00:00Z,queries/HN_R013_C000.ql,data/road_tiles/HN_R013_C000,,,2026-10-02T14:00:28.780189+00:00,2026-10-02T14:00:40.219727+00:00,2,False
HN_R013_C001,,13,1,0,5000,done,530000,2335000,535000,2340000,21.114812,105.290765,21.160082,105.339017,18.156562846138986,0.7262625138455594,2026-10-01T00:00:00Z,queries/HN_R013_C001.ql,data/road_tiles/HN_R013_C001,,,2026-10-02T14:01:34.098375+00:00,2026-10-02T14:01:45.250774+00:00,2,False
HN_R013_C002,,13,2,0,5000,done,535000,2335000,540000,2340000,21.114709,105.338912,21.159992,105.387178,25.0,1.0,2026-10-01T00:00:00Z,queries/HN_R013_C002.ql,data/road_tiles/HN_R013_C002,,,2026-10-02T14:02:00.255667+00:00,2026-10-02T14:02:16.530287+00:00,1,False
HN_R013_C003,,13,3,0,5000,done,540000,2335000,545000,2340000,21.114592,105.387058,21.159889,105.435338,25.0,1.0,2026-10-01T00:00:00Z,queries/HN_R013_C003.ql,data/road_tiles/HN_R013_C003,,,2026-10-02T15:33:11.387798+00:00,2026-10-02T15:33:21.849742+00:00,5,False
HN_R013_C004,,13,4,0,5000,done,545000,2335000,550000,2340000,21.114462,105.435203,21.159772,105.483498,25.0,1.0,2026-10-01T00:00:00Z,queries/HN_R013_C004.ql,data/road_tiles/HN_R013_C004,,,2026-10-02T14:05:01.473801+00:00,2026-10-02T14:05:14.422827+00:00,1,False
HN_R013_C005,,13,5,0,5000,done,550000,2335000,555000,2340000,21.114318,105.483349,21.159641,105.531658,23.929465959498405,0.9571786383799362,2026-10-01T00:00:00Z,queries/HN_R013_C005.ql,data/road_tiles/HN_R013_C005,,,2026-10-02T14:05:29.428499+00:00,2026-10-02T14:05:46.411485+00:00,1,False
HN_R013_C006,,13,6,0,5000,done,555000,2335000,560000,2340000,21.11416,105.531494,21.159496,105.579817,24.08628249790931,0.9634512999163724,2026-10-01T00:00:00Z,queries/HN_R013_C006.ql,data/road_tiles/HN_R013_C006,,,2026-10-02T14:06:01.420847+00:00,2026-10-02T14:06:12.328705+00:00,1,False
HN_R013_C007,,13,7,0,5000,done,560000,2335000,565000,2340000,21.113988,105.579638,21.159338,105.627975,25.0,1.0,2026-10-01T00:00:00Z,queries/HN_R013_C007.ql,data/road_tiles/HN_R013_C007,,,2026-10-02T14:07:08.386375+00:00,2026-10-02T14:07:19.272821+00:00,2,False
HN_R013_C008,,13,8,0,5000,done,565000,2335000,570000,2340000,21.113803,105.627782,21.159166,105.676134,25.0,1.0,2026-10-01T00:00:00Z,queries/HN_R013_C008.ql,data/road_tiles/HN_R013_C008,,,2026-10-02T14:08:18.743009+00:00,2026-10-02T14:08:32.119004+00:00,2,False
HN_R013_C009,,13,9,0,5000,done,570000,2335000,575000,2340000,21.113604,105.675926,21.158981,105.724291,25.0,1.0,2026-10-01T00:00:00Z,queries/HN_R013_C009.ql,data/road_tiles/HN_R013_C009,,,2026-10-02T14:10:42.384203+00:00,2026-10-02T14:10:55.244402+00:00,3,False
HN_R013_C010,,13,10,0,5000,done,575000,2335000,580000,2340000,21.113392,105.724069,21.158782,105.772448,25.0,1.0,2026-10-01T00:00:00Z,queries/HN_R013_C010.ql,data/road_tiles/HN_R013_C010,,,2026-10-02T14:11:10.245585+00:00,2026-10-02T14:11:22.519189+00:00,1,False
HN_R013_C011,,13,11,0,5000,done,580000,2335000,585000,2340000,21.113166,105.772211,21.158569,105.820605,25.0,1.0,2026-10-01T00:00:00Z,queries/HN_R013_C011.ql,data/road_tiles/HN_R013_C011,,,2026-10-02T14:12:19.517501+00:00,2026-10-02T14:12:33.625029+00:00,2,False
HN_R013_C012,,13,12,0,5000,done,585000,2335000,590000,2340000,21.112926,105.820353,21.158342,105.86876,25.0,1.0,2026-10-01T00:00:00Z,queries/HN_R013_C012.ql,data/road_tiles/HN_R013_C012,,,2026-10-02T14:14:42.788572+00:00,2026-10-02T14:14:56.097339+00:00,3,False
HN_R013_C013,,13,13,0,5000,done,590000,2335000,595000,2340000,21.112672,105.868494,21.158101,105.916915,24.78812275516513,0.9915249102066052,2026-10-01T00:00:00Z,queries/HN_R013_C013.ql,data/road_tiles/HN_R013_C013,,,2026-10-02T15:33:36.854539+00:00,2026-10-02T15:33:47.325138+00:00,4,False
HN_R013_C014,,13,14,0,5000,done,595000,2335000,600000,2340000,21.112405,105.916635,21.157847,105.96507,2.5002089346824885,0.10000835738729953,2026-10-01T00:00:00Z,queries/HN_R013_C014.ql,data/road_tiles/HN_R013_C014,,,2026-10-02T14:17:22.465264+00:00,2026-10-02T14:17:36.013644+00:00,1,False
HN_R014_C000,,14,0,0,5000,done,525000,2340000,530000,2345000,21.160079,105.242692,21.205335,105.290945,0.0433503173224628,0.0017340126928985118,2026-10-01T00:00:00Z,queries/HN_R014_C000.ql,data/road_tiles/HN_R014_C000,,,2026-10-02T14:17:51.017544+00:00,2026-10-02T14:18:04.324669+00:00,1,False
HN_R014_C001,,14,1,0,5000,done,530000,2340000,535000,2345000,21.159989,105.290853,21.205259,105.33912,18.733407186475514,0.7493362874590206,2026-10-01T00:00:00Z,queries/HN_R014_C001.ql,data/road_tiles/HN_R014_C001,,,2026-10-02T15:35:55.057570+00:00,2026-10-02T15:36:06.673056+00:00,6,False
HN_R014_C002,,14,2,0,5000,done,535000,2340000,540000,2345000,21.159886,105.339014,21.205169,105.387296,24.919774426065445,0.9967909770426178,2026-10-01T00:00:00Z,queries/HN_R014_C002.ql,data/road_tiles/HN_R014_C002,,,2026-10-02T17:05:27.460579+00:00,2026-10-02T17:05:39.960574+00:00,9,False
HN_R014_C003,,14,3,0,5000,done,540000,2340000,545000,2345000,21.159769,105.387175,21.205065,105.43547,25.0,1.0,2026-10-01T00:00:00Z,queries/HN_R014_C003.ql,data/road_tiles/HN_R014_C003,,,2026-10-02T14:23:52.532042+00:00,2026-10-02T14:24:04.248732+00:00,2,False
HN_R014_C004,,14,4,0,5000,done,545000,2340000,550000,2345000,21.159638,105.435335,21.204948,105.483645,18.729094873571096,0.7491637949428439,2026-10-01T00:00:00Z,queries/HN_R014_C004.ql,data/road_tiles/HN_R014_C004,,,2026-10-02T14:24:19.258131+00:00,2026-10-02T14:24:31.392778+00:00,1,False
HN_R014_C005,,14,5,0,5000,done,550000,2340000,555000,2345000,21.159493,105.483495,21.204817,105.531819,0.3956249700238705,0.01582499880095482,2026-10-01T00:00:00Z,queries/HN_R014_C005.ql,data/road_tiles/HN_R014_C005,,,2026-10-02T14:25:28.258753+00:00,2026-10-02T14:25:43.867208+00:00,2,False
HN_R014_C006,,14,6,0,5000,done,555000,2340000,560000,2345000,21.159335,105.531655,21.204672,105.579993,0.3624241433138251,0.014496965732553005,2026-10-01T00:00:00Z,queries/HN_R014_C006.ql,data/road_tiles/HN_R014_C006,,,2026-10-02T15:38:41.506455+00:00,2026-10-02T15:39:00.076267+00:00,4,False
HN_R014_C007,,14,7,0,5000,done,560000,2340000,565000,2345000,21.159163,105.579814,21.204513,105.628166,8.672598341081112,0.3469039336432445,2026-10-01T00:00:00Z,queries/HN_R014_C007.ql,data/road_tiles/HN_R014_C007,,,2026-10-02T15:39:15.080523+00:00,2026-10-02T15:39:33.287967+00:00,4,False
HN_R014_C008,,14,8,0,5000,done,565000,2340000,570000,2345000,21.158978,105.627972,21.204341,105.676339,24.98292173022282,0.9993168692089128,2026-10-01T00:00:00Z,queries/HN_R014_C008.ql,data/road_tiles/HN_R014_C008,,,2026-10-02T14:31:08.974312+00:00,2026-10-02T14:31:20.184484+00:00,2,False
HN_R014_C009,,14,9,0,5000,done,570000,2340000,575000,2345000,21.158779,105.676131,21.204155,105.724511,25.0,1.0,2026-10-01T00:00:00Z,queries/HN_R014_C009.ql,data/road_tiles/HN_R014_C009,,,2026-10-02T14:33:28.376988+00:00,2026-10-02T14:33:39.437758+00:00,3,False
HN_R014_C010,,14,10,0,5000,done,575000,2340000,580000,2345000,21.158566,105.724288,21.203955,105.772683,25.0,1.0,2026-10-01T00:00:00Z,queries/HN_R014_C010.ql,data/road_tiles/HN_R014_C010,,,2026-10-02T15:40:29.003163+00:00,2026-10-02T15:40:47.779411+00:00,5,False
HN_R014_C011,,14,11,0,5000,done,580000,2340000,585000,2345000,21.158339,105.772445,21.203742,105.820854,25.0,1.0,2026-10-01T00:00:00Z,queries/HN_R014_C011.ql,data/road_tiles/HN_R014_C011,,,2026-10-02T14:36:15.522489+00:00,2026-10-02T14:36:27.737032+00:00,1,False
HN_R014_C012,,14,12,0,5000,done,585000,2340000,590000,2345000,21.158098,105.820602,21.203515,105.869024,25.0,1.0,2026-10-01T00:00:00Z,queries/HN_R014_C012.ql,data/road_tiles/HN_R014_C012,,,2026-10-02T15:41:02.784379+00:00,2026-10-02T15:41:13.592698+00:00,4,False
HN_R014_C013,,14,13,0,5000,done,590000,2340000,595000,2345000,21.157844,105.868757,21.203274,105.917194,23.76159925336969,0.9504639701347876,2026-10-01T00:00:00Z,queries/HN_R014_C013.ql,data/road_tiles/HN_R014_C013,,,2026-10-02T17:18:52.318202+00:00,2026-10-02T17:19:04.346376+00:00,10,False
HN_R014_C014,,14,14,0,5000,done,595000,2340000,600000,2345000,21.157576,105.916912,21.203019,105.965363,0.9877349689822197,0.039509398759288786,2026-10-01T00:00:00Z,queries/HN_R014_C014.ql,data/road_tiles/HN_R014_C014,,,2026-10-02T14:41:15.427796+00:00,2026-10-02T14:41:29.547028+00:00,1,False
HN_R015_C002,,15,2,0,5000,done,535000,2345000,540000,2350000,21.205062,105.339117,21.250345,105.387414,20.568035362316607,0.8227214144926643,2026-10-01T00:00:00Z,queries/HN_R015_C002.ql,data/road_tiles/HN_R015_C002,,,2026-10-02T14:41:44.548960+00:00,2026-10-02T14:41:57.447009+00:00,1,False
HN_R015_C003,,15,3,0,5000,done,540000,2345000,545000,2350000,21.204945,105.387293,21.250241,105.435603,25.0,1.0,2026-10-01T00:00:00Z,queries/HN_R015_C003.ql,data/road_tiles/HN_R015_C003,,,2026-10-02T14:42:12.451921+00:00,2026-10-02T14:42:24.363376+00:00,1,False
HN_R015_C004,,15,4,0,5000,done,545000,2345000,550000,2350000,21.204814,105.435467,21.250124,105.483792,10.530500203141212,0.4212200081256485,2026-10-01T00:00:00Z,queries/HN_R015_C004.ql,data/road_tiles/HN_R015_C004,,,2026-10-02T14:44:34.731612+00:00,2026-10-02T14:44:45.878910+00:00,3,False
HN_R015_C007,,15,7,0,5000,done,560000,2345000,565000,2350000,21.204338,105.57999,21.249688,105.628358,0.53755385539338,0.021502154215735196,2026-10-01T00:00:00Z,queries/HN_R015_C007.ql,data/road_tiles/HN_R015_C007,,,2026-10-02T14:45:00.884623+00:00,2026-10-02T14:45:22.823806+00:00,1,False
HN_R015_C008,,15,8,0,5000,done,565000,2345000,570000,2350000,21.204152,105.628163,21.249516,105.676545,11.337389023925661,0.4534955609570265,2026-10-01T00:00:00Z,queries/HN_R015_C008.ql,data/road_tiles/HN_R015_C008,,,2026-10-02T14:46:19.029295+00:00,2026-10-02T14:46:28.906533+00:00,2,False
HN_R015_C009,,15,9,0,5000,done,570000,2345000,575000,2350000,21.203952,105.676336,21.249329,105.724732,10.896725352618336,0.43586901410473344,2026-10-01T00:00:00Z,queries/HN_R015_C009.ql,data/road_tiles/HN_R015_C009,,,2026-10-02T14:46:43.906685+00:00,2026-10-02T14:46:55.704408+00:00,1,False
HN_R015_C010,,15,10,0,5000,done,575000,2345000,580000,2350000,21.203739,105.724508,21.249129,105.772918,23.222704096447945,0.9289081638579177,2026-10-01T00:00:00Z,queries/HN_R015_C010.ql,data/road_tiles/HN_R015_C010,,,2026-10-02T14:47:51.782375+00:00,2026-10-02T14:48:04.449047+00:00,2,False
HN_R015_C011,,15,11,0,5000,done,580000,2345000,585000,2350000,21.203512,105.77268,21.248915,105.821104,25.0,1.0,2026-10-01T00:00:00Z,queries/HN_R015_C011.ql,data/road_tiles/HN_R015_C011,,,2026-10-02T14:48:19.452908+00:00,2026-10-02T14:48:30.185397+00:00,1,False
HN_R015_C012,,15,12,0,5000,done,585000,2345000,590000,2350000,21.203271,105.820851,21.248687,105.869289,25.0,1.0,2026-10-01T00:00:00Z,queries/HN_R015_C012.ql,data/road_tiles/HN_R015_C012,,,2026-10-02T14:49:24.548807+00:00,2026-10-02T14:49:36.528721+00:00,2,False
HN_R015_C013,,15,13,0,5000,done,590000,2345000,595000,2350000,21.203016,105.869021,21.248446,105.917473,22.98354352074814,0.9193417408299256,2026-10-01T00:00:00Z,queries/HN_R015_C013.ql,data/road_tiles/HN_R015_C013,,,2026-10-02T14:50:34.688981+00:00,2026-10-02T14:50:50.074677+00:00,2,False
HN_R015_C014,,15,14,0,5000,done,595000,2345000,600000,2350000,21.202748,105.917191,21.24819,105.965657,2.2138007024133204,0.08855202809653283,2026-10-01T00:00:00Z,queries/HN_R015_C014.ql,data/road_tiles/HN_R015_C014,,,2026-10-02T14:52:59.922687+00:00,2026-10-02T14:53:27.589706+00:00,3,False
HN_R016_C002,,16,2,0,5000,done,535000,2350000,540000,2355000,21.250238,105.339221,21.295521,105.387532,14.373659785343648,0.5749463914137459,2026-10-01T00:00:00Z,queries/HN_R016_C002.ql,data/road_tiles/HN_R016_C002,,,2026-10-02T14:55:35.386401+00:00,2026-10-02T14:55:50.452497+00:00,3,False
HN_R016_C003,,16,3,0,5000,done,540000,2350000,545000,2355000,21.250121,105.387411,21.295417,105.435736,21.49530445859468,0.8598121783437872,2026-10-01T00:00:00Z,queries/HN_R016_C003.ql,data/road_tiles/HN_R016_C003,,,2026-10-02T14:56:05.457015+00:00,2026-10-02T14:56:27.842045+00:00,1,False
HN_R016_C004,,16,4,0,5000,done,545000,2350000,550000,2355000,21.249989,105.4356,21.295299,105.48394,2.0586940805318354,0.08234776322127342,2026-10-01T00:00:00Z,queries/HN_R016_C004.ql,data/road_tiles/HN_R016_C004,,,2026-10-02T14:56:42.845359+00:00,2026-10-02T14:56:55.021122+00:00,1,False
HN_R016_C009,,16,9,0,5000,done,570000,2350000,575000,2355000,21.249126,105.676542,21.294503,105.724953,0.1048395993051529,0.004193583972206116,2026-10-01T00:00:00Z,queries/HN_R016_C009.ql,data/road_tiles/HN_R016_C009,,,2026-10-02T14:57:53.457042+00:00,2026-10-02T14:58:07.099373+00:00,2,False
HN_R016_C010,,16,10,0,5000,done,575000,2350000,580000,2355000,21.248912,105.724729,21.294302,105.773154,21.84530932208204,0.8738123728832817,2026-10-01T00:00:00Z,queries/HN_R016_C010.ql,data/road_tiles/HN_R016_C010,,,2026-10-02T14:58:22.104104+00:00,2026-10-02T14:58:40.565506+00:00,1,False
HN_R016_C011,,16,11,0,5000,done,580000,2350000,585000,2355000,21.248684,105.772915,21.294088,105.821355,25.0,1.0,2026-10-01T00:00:00Z,queries/HN_R016_C011.ql,data/road_tiles/HN_R016_C011,,,2026-10-02T14:58:55.570269+00:00,2026-10-02T14:59:07.435316+00:00,1,False
HN_R016_C012,,16,12,0,5000,done,585000,2350000,590000,2355000,21.248443,105.821101,21.29386,105.869554,25.0,1.0,2026-10-01T00:00:00Z,queries/HN_R016_C012.ql,data/road_tiles/HN_R016_C012,,,2026-10-02T15:44:14.443282+00:00,2026-10-02T15:44:28.441399+00:00,4,False
HN_R016_C013,,16,13,0,5000,done,590000,2350000,595000,2355000,21.248187,105.869286,21.293617,105.917753,25.0,1.0,2026-10-01T00:00:00Z,queries/HN_R016_C013.ql,data/road_tiles/HN_R016_C013,,,2026-10-02T15:03:48.217532+00:00,2026-10-02T15:04:01.870616+00:00,3,False
HN_R016_C014,,16,14,0,5000,done,595000,2350000,600000,2355000,21.247918,105.91747,21.293362,105.965952,4.980386593605995,0.19921546374423982,2026-10-01T00:00:00Z,queries/HN_R016_C014.ql,data/road_tiles/HN_R016_C014,,,2026-10-02T15:04:16.875290+00:00,2026-10-02T15:04:32.044793+00:00,1,False
HN_R017_C002,,17,2,0,5000,done,535000,2355000,540000,2360000,21.295414,105.339324,21.340697,105.38765,0.2114180725005865,0.00845672290002346,2026-10-01T00:00:00Z,queries/HN_R017_C002.ql,data/road_tiles/HN_R017_C002,,,2026-10-02T15:04:47.049421+00:00,2026-10-02T15:05:00.705649+00:00,1,False
HN_R017_C003,,17,3,0,5000,done,540000,2355000,545000,2360000,21.295296,105.387529,21.340593,105.435869,1.595636032808304,0.06382544131233216,2026-10-01T00:00:00Z,queries/HN_R017_C003.ql,data/road_tiles/HN_R017_C003,,,2026-10-02T15:05:15.710086+00:00,2026-10-02T15:05:36.691280+00:00,1,False
HN_R017_C010,,17,10,0,5000,done,575000,2355000,580000,2360000,21.294085,105.72495,21.339475,105.773391,4.299383411201239,0.17197533644804955,2026-10-01T00:00:00Z,queries/HN_R017_C010.ql,data/road_tiles/HN_R017_C010,,,2026-10-02T15:05:51.696386+00:00,2026-10-02T15:06:02.067860+00:00,1,False
HN_R017_C011,,17,11,0,5000,done,580000,2355000,585000,2360000,21.293857,105.773151,21.33926,105.821606,24.779080504390716,0.9911632201756286,2026-10-01T00:00:00Z,queries/HN_R017_C011.ql,data/road_tiles/HN_R017_C011,,,2026-10-02T15:06:59.323217+00:00,2026-10-02T15:07:11.456242+00:00,2,False
HN_R017_C012,,17,12,0,5000,done,585000,2355000,590000,2360000,21.293614,105.821352,21.339032,105.86982,24.35679167984271,0.9742716671937084,2026-10-01T00:00:00Z,queries/HN_R017_C012.ql,data/road_tiles/HN_R017_C012,,,2026-10-02T15:08:14.402409+00:00,2026-10-02T15:08:39.785678+00:00,2,False
HN_R017_C013,,17,13,0,5000,done,590000,2355000,595000,2360000,21.293359,105.869551,21.338789,105.918034,13.350566597941228,0.5340226639176491,2026-10-01T00:00:00Z,queries/HN_R017_C013.ql,data/road_tiles/HN_R017_C013,,,2026-10-02T15:09:36.056046+00:00,2026-10-02T15:09:49.527996+00:00,2,False
HN_R017_C014,,17,14,0,5000,done,595000,2355000,600000,2360000,21.293089,105.91775,21.338533,105.966247,0.18024456383068113,0.007209782553227246,2026-10-01T00:00:00Z,queries/HN_R017_C014.ql,data/road_tiles/HN_R017_C014,,,2026-10-02T15:10:04.532638+00:00,2026-10-02T15:10:13.796602+00:00,1,False
HN_R018_C011,,18,11,0,5000,done,580000,2360000,585000,2365000,21.339029,105.773388,21.384433,105.821858,17.384121008685828,0.6953648403474331,2026-10-01T00:00:00Z,queries/HN_R018_C011.ql,data/road_tiles/HN_R018_C011,,,2026-10-02T15:11:10.134125+00:00,2026-10-02T15:11:32.512325+00:00,2,False
HN_R018_C012,,18,12,0,5000,done,585000,2360000,590000,2365000,21.338786,105.821603,21.384204,105.870087,14.224510158755303,0.5689804063502121,2026-10-01T00:00:00Z,queries/HN_R018_C012.ql,data/road_tiles/HN_R018_C012,,,2026-10-02T15:11:47.511422+00:00,2026-10-02T15:11:57.403948+00:00,1,False
HN_R019_C011,,19,11,0,5000,done,580000,2365000,585000,2370000,21.384201,105.773625,21.429605,105.82211,0.024412887337625026,0.000976515493505001,2026-10-01T00:00:00Z,queries/HN_R019_C011.ql,data/road_tiles/HN_R019_C011,,,2026-10-02T15:12:54.381256+00:00,2026-10-02T15:13:13.231101+00:00,2,False
